/* CREATE TABLE bikes(
    bikeid int,
    brand VARCHAR(50),
    type VARCHAR(50),
    price float,
    hrs int
); */

/* CREATE TABLE shops(
    username VARCHAR(50),
    bikeid INT,
    userid INT,
    hrs INT
); */

/* CREATE TABLE users(
    userid INT,
    username VARCHAR(50),
    contactno INT,
    email_id VARCHAR(50),
    gov_proof VARCHAR(50)
); */

/* CREATE TABLE rent(
    hrs INT,
    fromloc VARCHAR(50),
    toloc VARCHAR(50),
    dist VARCHAR(50)
); */

/*
INSERT INTO bikes(bikeid, brand, type, price, hrs) VALUES (22, "fz", "racer", 2468, 16);
INSERT INTO bikes(bikeid, brand, type, price, hrs) VALUES (24, "hero", "sport", 9999, 10);
INSERT INTO bikes(bikeid, brand, type, price, hrs) VALUES (26, "pulsar", "dual sport", 3668, 28);
INSERT INTO bikes(bikeid, brand, type, price, hrs) VALUES (28, "access", "scooty", 8630, 20);
INSERT INTO bikes(bikeid, brand, type, price, hrs) VALUES (30, "suzuki", "touring", 6490, 16);
*/

/*
INSERT INTO shops(username, bikeid, userid, hrs) VALUES ("harsha", 22, 20, 10);
INSERT INTO shops(username, bikeid, userid, hrs) VALUES ("uday", 24, 11, 24);
INSERT INTO shops(username, bikeid, userid, hrs) VALUES ("rohith", 26, 32, 17);
INSERT INTO shops(username, bikeid, userid, hrs) VALUES ("shashi", 28, 33, 12);
INSERT INTO shops(username, bikeid, userid, hrs) VALUES ("vishwa", 30, 24, 14);
*/

/*
INSERT INTO users(userid, username, contactno, email_id, gov_proof) VALUES (20, "harsha", 98278294, "harsha@gmail.com", "pan");
INSERT INTO users(userid, username, contactno, email_id, gov_proof) VALUES (11, "uday", 78272828, "uday@gmail.com", "aadhar");
INSERT INTO users(userid, username, contactno, email_id, gov_proof) VALUES (32, "rohith", 67277689, "rohith@gmail.com", "passport");
INSERT INTO users(userid, username, contactno, email_id, gov_proof) VALUES (33, "shashi", 91292876, "shashi@gmail.com", "License");
INSERT INTO users(userid, username, contactno, email_id, gov_proof) VALUES (24, "vishwa", 90526789, "vishwa@gmail.com", "license");
*/

/*
INSERT INTO rent(hrs, fromloc, toloc, dist) VALUES (15, "hyderabad", "delhi", "600km");
INSERT INTO rent(hrs, fromloc, toloc, dist) VALUES (5, "mumbai", "pune", "30km");
INSERT INTO rent(hrs, fromloc, toloc, dist) VALUES (12, "kolkatta", "tirupathi", "300km");
INSERT INTO rent(hrs, fromloc, toloc, dist) VALUES (2, "chennai", "pondicherry", "42km");
INSERT INTO rent(hrs, fromloc, toloc, dist) VALUES (10, "goa", "noida", "500km");

*/









